date,unit_id,well_id,well_role,anonymized_x,anonymized_y,uranium_concentration,injection_flow_proxy,extraction_flow_proxy,hydrochemical_proxy_1,hydrochemical_proxy_2,stage_label
2000-01-01,U_SYN_001,W0,extraction,0.0,0.0,9.937594621933211,0.0,22.102609230073426,6.408923189705011,3.7445195068342176,early
2000-01-01,U_SYN_001,W1,injection,50.0,0.0,7.94363672860067,24.243773663803545,0.0,6.408923189705011,3.7445195068342176,early
2000-01-01,U_SYN_001,W2,injection,-50.0,0.0,8.607913540114529,23.168012715007603,0.0,6.457328580264247,3.866482548613438,early
2000-01-01,U_SYN_001,W3,injection,0.0,50.0,8.213788348256072,24.600360956645165,0.0,6.403660807126928,3.6926259866903277,early
2000-01-01,U_SYN_001,W4,injection,0.0,-50.0,8.003284484626402,24.75245177311297,0.0,6.423231083813192,3.7674445000981955,early
2000-01-02,U_SYN_001,W0,extraction,0.0,0.0,9.713735744613741,0.0,22.011675167304062,6.407539141608814,3.751649602651226,early
2000-01-02,U_SYN_001,W1,injection,50.0,0.0,8.143205408919831,22.635381236767362,0.0,6.407539141608814,3.751649602651226,early
2000-01-02,U_SYN_001,W2,injection,-50.0,0.0,7.944059167381814,23.154465782200575,0.0,6.402994166137954,3.794712551818719,early
2000-01-02,U_SYN_001,W3,injection,0.0,50.0,7.916134839698325,24.29848171022426,0.0,6.378631173515505,3.820748676217645,early
2000-01-02,U_SYN_001,W4,injection,0.0,-50.0,8.074498712466117,23.943215313815564,0.0,6.427022523742824,3.717808097475982,early
2000-01-03,U_SYN_001,W0,extraction,0.0,0.0,10.259357946624064,0.0,23.874831264246716,6.385517441265578,3.8517250985386275,early
2000-01-03,U_SYN_001,W1,injection,50.0,0.0,8.14759586393802,24.378137650656726,0.0,6.385517441265578,3.8517250985386275,early
2000-01-03,U_SYN_001,W2,injection,-50.0,0.0,8.485028090365802,23.70914343460129,0.0,6.446202338285546,3.798822673808905,early
2000-01-03,U_SYN_001,W3,injection,0.0,50.0,8.805187278396442,25.095096956550417,0.0,6.462990409010844,3.6424267840771765,early
2000-01-03,U_SYN_001,W4,injection,0.0,-50.0,8.508327186295784,25.013812125003312,0.0,6.434240185122498,3.637095169110367,early
2000-01-04,U_SYN_001,W0,extraction,0.0,0.0,10.394542301151372,0.0,24.122677463883818,6.417813598960191,3.785115980948118,early
2000-01-04,U_SYN_001,W1,injection,50.0,0.0,8.445313634404478,24.638095524097356,0.0,6.417813598960191,3.785115980948118,early
2000-01-04,U_SYN_001,W2,injection,-50.0,0.0,8.418102141173152,25.48706393162281,0.0,6.447422171474767,3.768424138959555,early
2000-01-04,U_SYN_001,W3,injection,0.0,50.0,8.438218762728344,24.95927843985002,0.0,6.416916626080563,3.7778279152964926,early
2000-01-04,U_SYN_001,W4,injection,0.0,-50.0,8.470728170946497,23.897836995741795,0.0,6.466685433321025,3.7838629278600457,early
2000-01-05,U_SYN_001,W0,extraction,0.0,0.0,10.000313663023828,0.0,24.024562149551553,6.365566613396774,3.793561299538889,early
2000-01-05,U_SYN_001,W1,injection,50.0,0.0,8.124693527049095,25.071457762573562,0.0,6.365566613396774,3.793561299538889,early
2000-01-05,U_SYN_001,W2,injection,-50.0,0.0,8.3835252401548,24.009351054644362,0.0,6.425398562040633,3.8513284811659387,early
2000-01-05,U_SYN_001,W3,injection,0.0,50.0,7.853604510165577,25.479217376353382,0.0,6.359190376960418,3.68662812030467,early
2000-01-05,U_SYN_001,W4,injection,0.0,-50.0,8.372662621312811,24.73651640651856,0.0,6.37902042355629,3.681758784946011,early
2000-01-06,U_SYN_001,W0,extraction,0.0,0.0,10.203048546731015,0.0,23.015635771490405,6.502770408988031,3.6747267152700527,early
2000-01-06,U_SYN_001,W1,injection,50.0,0.0,8.28902060734805,24.816428505073276,0.0,6.502770408988031,3.6747267152700527,early
2000-01-06,U_SYN_001,W2,injection,-50.0,0.0,8.443420139460084,24.41957476038633,0.0,6.484023319074342,3.7853059572745402,early
2000-01-06,U_SYN_001,W3,injection,0.0,50.0,8.136525561132265,25.942351466848706,0.0,6.419436710464083,3.861788414192759,early
2000-01-06,U_SYN_001,W4,injection,0.0,-50.0,8.637621553834627,24.84069481025444,0.0,6.3881157815538385,3.727685468841883,early
2000-01-07,U_SYN_001,W0,extraction,0.0,0.0,10.037478525871656,0.0,22.5475759200037,6.338821361341099,3.546201786241992,early
2000-01-07,U_SYN_001,W1,injection,50.0,0.0,8.48079307449076,24.805388039364786,0.0,6.338821361341099,3.546201786241992,early
2000-01-07,U_SYN_001,W2,injection,-50.0,0.0,8.423369777131683,24.866343456704687,0.0,6.435662694537458,3.610018344765934,early
2000-01-07,U_SYN_001,W3,injection,0.0,50.0,7.926646020534973,25.57389764553795,0.0,6.554219115344661,3.6796948359510835,early
2000-01-07,U_SYN_001,W4,injection,0.0,-50.0,8.39717809013822,25.440405548586533,0.0,6.47479788571331,3.7017194627751473,early
2000-01-08,U_SYN_001,W0,extraction,0.0,0.0,10.14644750181974,0.0,24.846965887829217,6.443960412090871,3.695528281452287,early
2000-01-08,U_SYN_001,W1,injection,50.0,0.0,8.402243769342993,25.657052159933794,0.0,6.443960412090871,3.695528281452287,early
2000-01-08,U_SYN_001,W2,injection,-50.0,0.0,7.99433094278796,25.67152287306331,0.0,6.484946511912863,3.7312858614711386,early
2000-01-08,U_SYN_001,W3,injection,0.0,50.0,8.315156308914943,27.040184151353372,0.0,6.403904969413073,3.703259665166869,early
2000-01-08,U_SYN_001,W4,injection,0.0,-50.0,8.39406155260376,25.001734057549314,0.0,6.454450369024945,3.812146540476138,early
2000-01-09,U_SYN_001,W0,extraction,0.0,0.0,10.413406454058965,0.0,24.230192537984745,6.47897909892063,3.6539790767191183,early
2000-01-09,U_SYN_001,W1,injection,50.0,0.0,8.654806049235804,25.09020581674277,0.0,6.47897909892063,3.6539790767191183,early
2000-01-09,U_SYN_001,W2,injection,-50.0,0.0,8.57591118558116,24.848981817401697,0.0,6.471555973927159,3.6390750244155843,early
2000-01-09,U_SYN_001,W3,injection,0.0,50.0,8.599647514644817,25.992783538060397,0.0,6.506632244867604,3.746370504255265,early
2000-01-09,U_SYN_001,W4,injection,0.0,-50.0,8.845899579985614,26.403177834176713,0.0,6.488785809049443,3.5852090955795384,early
2000-01-10,U_SYN_001,W0,extraction,0.0,0.0,10.306364835303663,0.0,24.745037777701167,6.510068575677261,3.7174106397853333,early
2000-01-10,U_SYN_001,W1,injection,50.0,0.0,8.703938220468869,25.575552732934906,0.0,6.510068575677261,3.7174106397853333,early
2000-01-10,U_SYN_001,W2,injection,-50.0,0.0,7.86024087781801,24.994585517488787,0.0,6.455800643663711,3.6944395580578346,early
2000-01-10,U_SYN_001,W3,injection,0.0,50.0,8.38578641377003,25.007125726505816,0.0,6.5192481512893625,3.67443990416628,early
2000-01-10,U_SYN_001,W4,injection,0.0,-50.0,8.41728009374149,26.18718492931857,0.0,6.5484930128579,3.813297391931674,early
2000-01-11,U_SYN_001,W0,extraction,0.0,0.0,10.670548418797228,0.0,25.44838798451504,6.4525082335652515,3.6132878768554764,early
2000-01-11,U_SYN_001,W1,injection,50.0,0.0,8.375932650317953,26.420887623988914,0.0,6.4525082335652515,3.6132878768554764,early
2000-01-11,U_SYN_001,W2,injection,-50.0,0.0,8.769949401075692,26.26080770167032,0.0,6.455806388122726,3.82788832612098,early
2000-01-11,U_SYN_001,W3,injection,0.0,50.0,9.01634830889084,25.293876521195205,0.0,6.544745587804117,3.645029956540806,early
2000-01-11,U_SYN_001,W4,injection,0.0,-50.0,8.517964204292321,26.012013345479538,0.0,6.4836604548835055,3.5609031568814355,early
2000-01-12,U_SYN_001,W0,extraction,0.0,0.0,10.293752934123335,0.0,25.310321506587055,6.555054727947673,3.6445031080773838,early
2000-01-12,U_SYN_001,W1,injection,50.0,0.0,8.510133968974749,26.071386092612787,0.0,6.555054727947673,3.6445031080773838,early
2000-01-12,U_SYN_001,W2,injection,-50.0,0.0,8.252332193849949,26.152988322683417,0.0,6.481200443789323,3.552809925572296,early
2000-01-12,U_SYN_001,W3,injection,0.0,50.0,8.302547478676626,26.67518046765876,0.0,6.557103695315839,3.5787690737727176,early
2000-01-12,U_SYN_001,W4,injection,0.0,-50.0,8.745035907112992,26.156913884319952,0.0,6.504161304937228,3.670672205599037,early
2000-01-13,U_SYN_001,W0,extraction,0.0,0.0,10.595401658508917,0.0,25.9286055389415,6.51639517011089,3.6585940074255507,early
2000-01-13,U_SYN_001,W1,injection,50.0,0.0,8.573256999436316,26.664451194017158,0.0,6.51639517011089,3.6585940074255507,early
2000-01-13,U_SYN_001,W2,injection,-50.0,0.0,8.786175899430246,26.175383599150756,0.0,6.568654738044779,3.5643740243132003,early
2000-01-13,U_SYN_001,W3,injection,0.0,50.0,8.291703209370421,26.35261586251163,0.0,6.491595198080216,3.6931398519372527,early
2000-01-13,U_SYN_001,W4,injection,0.0,-50.0,9.082869411550785,26.626350924230476,0.0,6.468421133340984,3.7067480609752312,early
2000-01-14,U_SYN_001,W0,extraction,0.0,0.0,10.417879310031786,0.0,24.811619719980172,6.4948334028007135,3.704068713519676,early
2000-01-14,U_SYN_001,W1,injection,50.0,0.0,8.668228243256396,25.0897947665524,0.0,6.4948334028007135,3.704068713519676,early
2000-01-14,U_SYN_001,W2,injection,-50.0,0.0,8.504635807529459,25.99978244935109,0.0,6.530869329147573,3.6315176455646707,early
2000-01-14,U_SYN_001,W3,injection,0.0,50.0,8.662580515795844,25.879221299002698,0.0,6.450145608234627,3.698238869961469,early
2000-01-14,U_SYN_001,W4,injection,0.0,-50.0,8.24891446103174,25.74441714384226,0.0,6.538274807227892,3.4387006987566884,early
2000-01-15,U_SYN_001,W0,extraction,0.0,0.0,10.595778907810267,0.0,25.949774203349723,6.497452148338976,3.538918264979825,early
2000-01-15,U_SYN_001,W1,injection,50.0,0.0,8.939135390230419,26.15994621989236,0.0,6.497452148338976,3.538918264979825,early
2000-01-15,U_SYN_001,W2,injection,-50.0,0.0,8.619881283391285,27.576013069861222,0.0,6.564915507473028,3.4949903683642276,early
2000-01-15,U_SYN_001,W3,injection,0.0,50.0,8.645293195138873,25.68739512831911,0.0,6.423232588847667,3.573888857760293,early
2000-01-15,U_SYN_001,W4,injection,0.0,-50.0,8.584349220505263,27.154682704546893,0.0,6.487540370039519,3.518634851334363,early
2000-01-16,U_SYN_001,W0,extraction,0.0,0.0,10.346811677594005,0.0,24.69775555363605,6.457261715796018,3.526800671406107,early
2000-01-16,U_SYN_001,W1,injection,50.0,0.0,8.364227761336297,25.14811301961499,0.0,6.457261715796018,3.526800671406107,early
2000-01-16,U_SYN_001,W2,injection,-50.0,0.0,8.628138095556647,26.226500812919014,0.0,6.491671263190824,3.6906672891784096,early
2000-01-16,U_SYN_001,W3,injection,0.0,50.0,8.537341975327776,26.624611288991638,0.0,6.5346270778897395,3.5265157150484554,early
2000-01-16,U_SYN_001,W4,injection,0.0,-50.0,8.619255881233467,26.963386701995056,0.0,6.517551376827392,3.5731966841373026,early
2000-01-17,U_SYN_001,W0,extraction,0.0,0.0,10.45906866698619,0.0,25.54157658763248,6.519768707809746,3.498189086296633,early
2000-01-17,U_SYN_001,W1,injection,50.0,0.0,8.574596621703988,27.1670574751876,0.0,6.519768707809746,3.498189086296633,early
2000-01-17,U_SYN_001,W2,injection,-50.0,0.0,8.683788148207485,27.232753999513257,0.0,6.523536415712464,3.5228276957271185,early
2000-01-17,U_SYN_001,W3,injection,0.0,50.0,8.488820951452817,26.319096153554565,0.0,6.538039340192464,3.5172519671254574,early
2000-01-17,U_SYN_001,W4,injection,0.0,-50.0,9.042854675694036,26.228194777221663,0.0,6.489562368889942,3.5526365579684245,early
2000-01-18,U_SYN_001,W0,extraction,0.0,0.0,10.4550164863445,0.0,25.426214782928568,6.562804896865865,3.5879713359029135,early
2000-01-18,U_SYN_001,W1,injection,50.0,0.0,8.245258751738053,27.37699892960379,0.0,6.562804896865865,3.5879713359029135,early
2000-01-18,U_SYN_001,W2,injection,-50.0,0.0,8.836775928924451,26.537574764692774,0.0,6.561037550045323,3.6265382528674057,early
2000-01-18,U_SYN_001,W3,injection,0.0,50.0,8.859143417784114,25.67006916592773,0.0,6.549932428736147,3.5195163396118727,early
2000-01-18,U_SYN_001,W4,injection,0.0,-50.0,8.394926831495411,25.78398845339528,0.0,6.556792248939954,3.5419104839419875,early
2000-01-19,U_SYN_001,W0,extraction,0.0,0.0,10.363363484708751,0.0,26.353981939677272,6.55043864990904,3.382296114720607,early
2000-01-19,U_SYN_001,W1,injection,50.0,0.0,8.960013512122389,26.03607676873257,0.0,6.55043864990904,3.382296114720607,early
2000-01-19,U_SYN_001,W2,injection,-50.0,0.0,8.704290610414333,27.16936719277687,0.0,6.6199848619859365,3.4673351360622027,early
2000-01-19,U_SYN_001,W3,injection,0.0,50.0,8.699243387898873,26.88557918639031,0.0,6.5350981630345935,3.5495884326461393,early
2000-01-19,U_SYN_001,W4,injection,0.0,-50.0,8.50376613965689,27.32402688078807,0.0,6.526298601143311,3.5436427665288246,early
2000-01-20,U_SYN_001,W0,extraction,0.0,0.0,10.605405520387848,0.0,25.500665884994262,6.511898416209971,3.4728730843322655,early
2000-01-20,U_SYN_001,W1,injection,50.0,0.0,8.650357096767134,26.49898827141609,0.0,6.511898416209971,3.4728730843322655,early
2000-01-20,U_SYN_001,W2,injection,-50.0,0.0,8.652015216111959,26.967622141346688,0.0,6.500749012601153,3.526855822474098,early
2000-01-20,U_SYN_001,W3,injection,0.0,50.0,8.779267233559782,27.341262703659186,0.0,6.492260647920223,3.495205642428167,early
2000-01-20,U_SYN_001,W4,injection,0.0,-50.0,8.993635499844757,26.593313156709126,0.0,6.506487626895029,3.5519688063694073,early
2000-01-21,U_SYN_001,W0,extraction,0.0,0.0,10.629320789237513,0.0,26.004294509463048,6.5420616586772775,3.462920009447182,early
2000-01-21,U_SYN_001,W1,injection,50.0,0.0,8.754587986880734,27.263197668913133,0.0,6.5420616586772775,3.462920009447182,early
2000-01-21,U_SYN_001,W2,injection,-50.0,0.0,8.522282514142136,26.368236726013883,0.0,6.558260679083269,3.4113154116449307,early
2000-01-21,U_SYN_001,W3,injection,0.0,50.0,8.891305041443134,26.607334401615148,0.0,6.546934556285447,3.4666385774452553,early
2000-01-21,U_SYN_001,W4,injection,0.0,-50.0,8.911867182748276,26.59238716366854,0.0,6.514267462846172,3.2053237268223915,early
2000-01-22,U_SYN_001,W0,extraction,0.0,0.0,10.60598939295896,0.0,25.454745579055064,6.5831251746212835,3.456729422617607,early
2000-01-22,U_SYN_001,W1,injection,50.0,0.0,8.835777542520683,25.98568412473846,0.0,6.5831251746212835,3.456729422617607,early
2000-01-22,U_SYN_001,W2,injection,-50.0,0.0,8.855046372127676,27.331933825838156,0.0,6.576694298952523,3.1342255376896206,early
2000-01-22,U_SYN_001,W3,injection,0.0,50.0,8.639442084732188,26.56683396904751,0.0,6.540731859763604,3.2882214911143697,early
2000-01-22,U_SYN_001,W4,injection,0.0,-50.0,8.499854317171133,26.95235113619184,0.0,6.521001146273896,3.4622400517820817,early
2000-01-23,U_SYN_001,W0,extraction,0.0,0.0,10.787991004737952,0.0,26.099963755831528,6.5706538460392645,3.453341871254851,early
2000-01-23,U_SYN_001,W1,injection,50.0,0.0,8.658831365482614,27.358931911246156,0.0,6.5706538460392645,3.453341871254851,early
2000-01-23,U_SYN_001,W2,injection,-50.0,0.0,8.493285367626262,27.331559524945384,0.0,6.556235672705516,3.322145221862313,early
2000-01-23,U_SYN_001,W3,injection,0.0,50.0,8.897276613683978,27.50664267129966,0.0,6.49079163882947,3.3581713609231922,early
2000-01-23,U_SYN_001,W4,injection,0.0,-50.0,8.828147729429023,26.89554619651389,0.0,6.545997518966696,3.524782803362638,early
2000-01-24,U_SYN_001,W0,extraction,0.0,0.0,10.755746472210529,0.0,25.796104049912344,6.560160270968766,3.3683427602099227,early
2000-01-24,U_SYN_001,W1,injection,50.0,0.0,8.725064183196404,26.654938120080484,0.0,6.560160270968766,3.3683427602099227,early
2000-01-24,U_SYN_001,W2,injection,-50.0,0.0,8.183914372349664,26.92980220099069,0.0,6.513691047026281,3.5864987957279757,early
2000-01-24,U_SYN_001,W3,injection,0.0,50.0,8.55139549772484,25.643709222549383,0.0,6.557272574199289,3.406911582481629,early
2000-01-24,U_SYN_001,W4,injection,0.0,-50.0,9.060821664857428,25.835886791777337,0.0,6.4914859390754795,3.439708064886238,early
2000-01-25,U_SYN_001,W0,extraction,0.0,0.0,10.371797597627006,0.0,23.98233269669233,6.603447444000487,3.5313514525597998,early
2000-01-25,U_SYN_001,W1,injection,50.0,0.0,8.36700670303864,25.94184031011648,0.0,6.603447444000487,3.5313514525597998,early
2000-01-25,U_SYN_001,W2,injection,-50.0,0.0,8.579673707975054,26.202202537918815,0.0,6.599917999402378,3.412483669975385,early
2000-01-25,U_SYN_001,W3,injection,0.0,50.0,8.2163958740207,27.31981938137875,0.0,6.539899306627882,3.321813982224647,early
2000-01-25,U_SYN_001,W4,injection,0.0,-50.0,8.80331327136667,26.27561675571195,0.0,6.564538173513563,3.393223304544368,early
2000-01-26,U_SYN_001,W0,extraction,0.0,0.0,10.530008554002267,0.0,25.256347998776093,6.453281959853796,3.397178672088456,early
2000-01-26,U_SYN_001,W1,injection,50.0,0.0,8.604274764434086,26.691046726484295,0.0,6.453281959853796,3.397178672088456,early
2000-01-26,U_SYN_001,W2,injection,-50.0,0.0,8.695689571401415,28.03295940794466,0.0,6.503424932075178,3.2908481988075375,early
2000-01-26,U_SYN_001,W3,injection,0.0,50.0,9.124416636346654,26.708565592866666,0.0,6.537927681679706,3.379560965276397,early
2000-01-26,U_SYN_001,W4,injection,0.0,-50.0,8.953969558898628,27.58358922448948,0.0,6.506793517628717,3.340652163463868,early
2000-01-27,U_SYN_001,W0,extraction,0.0,0.0,10.316066296043957,0.0,24.391634231758378,6.577292588511298,3.4751226853588855,early
2000-01-27,U_SYN_001,W1,injection,50.0,0.0,8.39592333729034,26.22744044011353,0.0,6.577292588511298,3.4751226853588855,early
2000-01-27,U_SYN_001,W2,injection,-50.0,0.0,8.336780387650563,26.809984537827326,0.0,6.6286085904359915,3.403943014718711,early
2000-01-27,U_SYN_001,W3,injection,0.0,50.0,8.392007484332407,26.214316940192965,0.0,6.5016521404289005,3.3785504048520854,early
2000-01-27,U_SYN_001,W4,injection,0.0,-50.0,8.564377245466456,26.70310812340098,0.0,6.5152181930426645,3.3926795103340845,early
2000-01-28,U_SYN_001,W0,extraction,0.0,0.0,10.41386108744582,0.0,24.189878540014977,6.556535726792882,3.4232729722766044,early
2000-01-28,U_SYN_001,W1,injection,50.0,0.0,8.517450301362866,27.614602351175606,0.0,6.556535726792882,3.4232729722766044,early
2000-01-28,U_SYN_001,W2,injection,-50.0,0.0,8.457045739271724,25.56049950265581,0.0,6.61156243800047,3.4547683467792933,early
2000-01-28,U_SYN_001,W3,injection,0.0,50.0,8.844946526405352,27.289894756046376,0.0,6.4982228195588885,3.3254462325105605,early
2000-01-28,U_SYN_001,W4,injection,0.0,-50.0,8.515578772749839,27.13254432307551,0.0,6.557079236952762,3.322096200194409,early
2000-01-29,U_SYN_001,W0,extraction,0.0,0.0,10.302436527114992,0.0,24.867547637408336,6.617740827975885,3.5010829997740434,early
2000-01-29,U_SYN_001,W1,injection,50.0,0.0,8.921825365623551,26.42245751430977,0.0,6.617740827975885,3.5010829997740434,early
2000-01-29,U_SYN_001,W2,injection,-50.0,0.0,8.466695342301582,25.740931195356442,0.0,6.4788185080161895,3.379721712765462,early
2000-01-29,U_SYN_001,W3,injection,0.0,50.0,8.815860540978115,26.9554810850383,0.0,6.493646105669527,3.2993612951340907,early
2000-01-29,U_SYN_001,W4,injection,0.0,-50.0,8.521623165681925,26.474183311616162,0.0,6.527944609684927,3.4482136792924893,early
2000-01-30,U_SYN_001,W0,extraction,0.0,0.0,10.73559061820083,0.0,26.60221721393472,6.52121598291005,3.459986317442011,early
2000-01-30,U_SYN_001,W1,injection,50.0,0.0,9.009943316842161,27.02693135756908,0.0,6.52121598291005,3.459986317442011,early
2000-01-30,U_SYN_001,W2,injection,-50.0,0.0,8.647601754794312,26.85827210490407,0.0,6.574543570934412,3.30045951237886,early
2000-01-30,U_SYN_001,W3,injection,0.0,50.0,8.619872116920442,28.12221350154205,0.0,6.5517059082171,3.441275270196485,early
2000-01-30,U_SYN_001,W4,injection,0.0,-50.0,8.90188860568048,26.649305886506898,0.0,6.471041037038581,3.481763380353666,early
2000-01-31,U_SYN_001,W0,extraction,0.0,0.0,10.461803855480364,0.0,25.64246698826166,6.559198345992726,3.465839044668589,early
2000-01-31,U_SYN_001,W1,injection,50.0,0.0,8.785520163961323,25.95284060343637,0.0,6.559198345992726,3.465839044668589,early
2000-01-31,U_SYN_001,W2,injection,-50.0,0.0,8.587102274050629,26.915059105498916,0.0,6.515480374382467,3.4864466472329996,early
2000-01-31,U_SYN_001,W3,injection,0.0,50.0,8.30951926644104,26.947635944711273,0.0,6.589559818554343,3.323546600684828,early
2000-01-31,U_SYN_001,W4,injection,0.0,-50.0,8.294064037075994,27.85898865772621,0.0,6.513478428419217,3.462371340931784,early
2000-02-01,U_SYN_001,W0,extraction,0.0,0.0,10.34577661831316,0.0,26.04301880422991,6.509066299905814,3.4272108542127646,early
2000-02-01,U_SYN_001,W1,injection,50.0,0.0,8.18824013859915,27.358707221329727,0.0,6.509066299905814,3.4272108542127646,early
2000-02-01,U_SYN_001,W2,injection,-50.0,0.0,8.11778835649556,26.976115071917672,0.0,6.556176175662085,3.4127972222724288,early
2000-02-01,U_SYN_001,W3,injection,0.0,50.0,8.506191048453097,27.861260537573713,0.0,6.565047970523381,3.5210648837239784,early
2000-02-01,U_SYN_001,W4,injection,0.0,-50.0,8.716325889012435,25.739607781139785,0.0,6.552454885787351,3.5697623958243385,early
2000-02-02,U_SYN_001,W0,extraction,0.0,0.0,10.559457801716853,0.0,25.65670331302221,6.462479917872274,3.6128208801953066,middle
2000-02-02,U_SYN_001,W1,injection,50.0,0.0,8.655922128689632,26.08627498515352,0.0,6.462479917872274,3.6128208801953066,middle
2000-02-02,U_SYN_001,W2,injection,-50.0,0.0,8.181380312518076,25.856815458228898,0.0,6.551425188164797,3.5744559055477505,middle
2000-02-02,U_SYN_001,W3,injection,0.0,50.0,8.618468856785045,26.286228368828702,0.0,6.488531488500691,3.4604925412968632,middle
2000-02-02,U_SYN_001,W4,injection,0.0,-50.0,8.624374014705742,25.49672729330827,0.0,6.539314855031197,3.4974888888693854,middle
2000-02-03,U_SYN_001,W0,extraction,0.0,0.0,9.937301056146747,0.0,25.965909007827754,6.467771064429419,3.5505079244442563,middle
2000-02-03,U_SYN_001,W1,injection,50.0,0.0,8.565158277926283,27.002529594359157,0.0,6.467771064429419,3.5505079244442563,middle
2000-02-03,U_SYN_001,W2,injection,-50.0,0.0,7.858986503620193,26.316630679228616,0.0,6.542573327747104,3.4988563306454736,middle
2000-02-03,U_SYN_001,W3,injection,0.0,50.0,8.070941246981896,25.31776380130551,0.0,6.492456485673087,3.49962322973444,middle
2000-02-03,U_SYN_001,W4,injection,0.0,-50.0,8.487618298920458,25.6819455719416,0.0,6.473415055834961,3.5550623452516112,middle
2000-02-04,U_SYN_001,W0,extraction,0.0,0.0,9.959074087975036,0.0,26.440409950154848,6.547555806502982,3.506039890335167,middle
2000-02-04,U_SYN_001,W1,injection,50.0,0.0,8.256068104928616,26.630871098833865,0.0,6.547555806502982,3.506039890335167,middle
2000-02-04,U_SYN_001,W2,injection,-50.0,0.0,8.27864228481703,27.05056127518921,0.0,6.528668781910755,3.4524395471073483,middle
2000-02-04,U_SYN_001,W3,injection,0.0,50.0,8.189263850092523,27.977444734227134,0.0,6.49444392898797,3.477624656750373,middle
2000-02-04,U_SYN_001,W4,injection,0.0,-50.0,8.232159395066256,28.71114999367957,0.0,6.577050155004528,3.561495332235941,middle
2000-02-05,U_SYN_001,W0,extraction,0.0,0.0,10.409948371636844,0.0,25.68443177525051,6.495149874259058,3.534034581845419,middle
2000-02-05,U_SYN_001,W1,injection,50.0,0.0,8.698055166012058,26.58704696905773,0.0,6.495149874259058,3.534034581845419,middle
2000-02-05,U_SYN_001,W2,injection,-50.0,0.0,8.36762344899781,25.463888926411443,0.0,6.514060278080684,3.56101191669889,middle
2000-02-05,U_SYN_001,W3,injection,0.0,50.0,8.718968554216355,24.549882397851885,0.0,6.523532509028992,3.5874014579255977,middle
2000-02-05,U_SYN_001,W4,injection,0.0,-50.0,8.25029985434461,26.469688592312,0.0,6.487989333756703,3.503807801517614,middle
2000-02-06,U_SYN_001,W0,extraction,0.0,0.0,10.221115644219438,0.0,24.760568470855624,6.524911468913979,3.6183406932042286,middle
2000-02-06,U_SYN_001,W1,injection,50.0,0.0,8.44844056874332,25.470967467311382,0.0,6.524911468913979,3.6183406932042286,middle
2000-02-06,U_SYN_001,W2,injection,-50.0,0.0,8.417853469382113,25.789034535415894,0.0,6.484727923291393,3.5881482483905156,middle
2000-02-06,U_SYN_001,W3,injection,0.0,50.0,8.255330769757045,25.631642904311796,0.0,6.489600484289334,3.4590557931609256,middle
2000-02-06,U_SYN_001,W4,injection,0.0,-50.0,8.376677451809451,26.008687634426533,0.0,6.560571722770116,3.6732252234087435,middle
2000-02-07,U_SYN_001,W0,extraction,0.0,0.0,10.216744805052192,0.0,24.358255310815718,6.457278430164513,3.5424848617672398,middle
2000-02-07,U_SYN_001,W1,injection,50.0,0.0,8.250524062729154,26.83082162993032,0.0,6.457278430164513,3.5424848617672398,middle
2000-02-07,U_SYN_001,W2,injection,-50.0,0.0,8.158744760867151,26.10367629925648,0.0,6.402390659027831,3.4501368138129784,middle
2000-02-07,U_SYN_001,W3,injection,0.0,50.0,8.305474908655375,25.851129575669255,0.0,6.563339352065486,3.4989409445008888,middle
2000-02-07,U_SYN_001,W4,injection,0.0,-50.0,8.152147337037396,25.149514443039557,0.0,6.600874990369291,3.500860828413527,middle
2000-02-08,U_SYN_001,W0,extraction,0.0,0.0,9.892324744833374,0.0,24.29135871873091,6.475103443733335,3.611694296070198,middle
2000-02-08,U_SYN_001,W1,injection,50.0,0.0,8.175570637595749,24.486537931262678,0.0,6.475103443733335,3.611694296070198,middle
2000-02-08,U_SYN_001,W2,injection,-50.0,0.0,7.884165906913819,25.437237959767497,0.0,6.413840692726501,3.5856123901338965,middle
2000-02-08,U_SYN_001,W3,injection,0.0,50.0,8.25256844920911,25.783258246371506,0.0,6.47889485530347,3.580573873166348,middle
2000-02-08,U_SYN_001,W4,injection,0.0,-50.0,7.877954798379867,27.24062821789007,0.0,6.479865296357682,3.6570965878161936,middle
2000-02-09,U_SYN_001,W0,extraction,0.0,0.0,10.072359407895553,0.0,23.493991448468577,6.475738581312051,3.6595690949789237,middle
2000-02-09,U_SYN_001,W1,injection,50.0,0.0,8.145256196062437,25.770930316237116,0.0,6.475738581312051,3.6595690949789237,middle
2000-02-09,U_SYN_001,W2,injection,-50.0,0.0,8.133510114175557,26.452902307877252,0.0,6.438800013276067,3.6576628957350503,middle
2000-02-09,U_SYN_001,W3,injection,0.0,50.0,8.526281796902841,25.267274220227485,0.0,6.506517980652,3.6651653426698028,middle
2000-02-09,U_SYN_001,W4,injection,0.0,-50.0,8.325870695295643,24.71875568592519,0.0,6.504315829964384,3.6816698395236864,middle
2000-02-10,U_SYN_001,W0,extraction,0.0,0.0,10.420156573639751,0.0,23.784720425863437,6.415223775207228,3.4880961697504502,middle
2000-02-10,U_SYN_001,W1,injection,50.0,0.0,8.500402402895702,24.727906590214104,0.0,6.415223775207228,3.4880961697504502,middle
2000-02-10,U_SYN_001,W2,injection,-50.0,0.0,8.648463083629888,24.9198191483714,0.0,6.502967869267796,3.6275773769114887,middle
2000-02-10,U_SYN_001,W3,injection,0.0,50.0,8.105382906585579,27.20277578594813,0.0,6.557107399277836,3.4823156319334876,middle
2000-02-10,U_SYN_001,W4,injection,0.0,-50.0,8.535539215231768,24.84289065662049,0.0,6.4818784132974825,3.659617231236469,middle
2000-02-11,U_SYN_001,W0,extraction,0.0,0.0,10.182228672105131,0.0,24.303580259067477,6.4528502970501105,3.67982987961766,middle
2000-02-11,U_SYN_001,W1,injection,50.0,0.0,8.75621043380981,25.99765743364608,0.0,6.4528502970501105,3.67982987961766,middle
2000-02-11,U_SYN_001,W2,injection,-50.0,0.0,8.376379158969133,24.604524328187384,0.0,6.46066317495655,3.7638430993787817,middle
2000-02-11,U_SYN_001,W3,injection,0.0,50.0,8.363257659492797,26.0721244809564,0.0,6.490953574211593,3.775211268813297,middle
2000-02-11,U_SYN_001,W4,injection,0.0,-50.0,8.461050881189953,25.634826843541695,0.0,6.397116439312562,3.696422521255797,middle
2000-02-12,U_SYN_001,W0,extraction,0.0,0.0,10.047030558630627,0.0,24.62666354257024,6.463978142973857,3.6623882092566165,middle
2000-02-12,U_SYN_001,W1,injection,50.0,0.0,8.418528523038095,25.022739978968797,0.0,6.463978142973857,3.6623882092566165,middle
2000-02-12,U_SYN_001,W2,injection,-50.0,0.0,7.837192880010888,25.115440276186924,0.0,6.441783956876252,3.7412299844520276,middle
2000-02-12,U_SYN_001,W3,injection,0.0,50.0,7.900517346634155,24.62422014075176,0.0,6.531315515373006,3.660183684462423,middle
2000-02-12,U_SYN_001,W4,injection,0.0,-50.0,8.280821118632241,25.504908058280936,0.0,6.450435605502566,3.7023056833329004,middle
2000-02-13,U_SYN_001,W0,extraction,0.0,0.0,9.903518957739237,0.0,24.635384272953836,6.514931424240255,3.801926394337803,middle
2000-02-13,U_SYN_001,W1,injection,50.0,0.0,7.979289673682265,24.600331611636864,0.0,6.514931424240255,3.801926394337803,middle
2000-02-13,U_SYN_001,W2,injection,-50.0,0.0,8.380758886494728,23.983833784895687,0.0,6.404066291884194,3.678413781301788,middle
2000-02-13,U_SYN_001,W3,injection,0.0,50.0,8.05845883444173,23.94196833645379,0.0,6.471706286467587,3.787489780120342,middle
2000-02-13,U_SYN_001,W4,injection,0.0,-50.0,7.737712309036892,25.10238873008718,0.0,6.460991930347124,3.777227598476326,middle
2000-02-14,U_SYN_001,W0,extraction,0.0,0.0,9.835772526307572,0.0,23.183875760358827,6.404060966850787,3.665350609487786,middle
2000-02-14,U_SYN_001,W1,injection,50.0,0.0,7.815895542646812,26.03973014043591,0.0,6.404060966850787,3.665350609487786,middle
2000-02-14,U_SYN_001,W2,injection,-50.0,0.0,7.524429714569625,24.904450426166314,0.0,6.445918701350856,3.819645485115644,middle
2000-02-14,U_SYN_001,W3,injection,0.0,50.0,8.019277361025923,24.681546474419658,0.0,6.487323610238643,3.7976192624879723,middle
2000-02-14,U_SYN_001,W4,injection,0.0,-50.0,8.02827540310542,25.005118046989598,0.0,6.425871188593915,3.7498880258480645,middle
2000-02-15,U_SYN_001,W0,extraction,0.0,0.0,9.524751614076106,0.0,24.303222533869388,6.361585042335629,3.697234833131936,middle
2000-02-15,U_SYN_001,W1,injection,50.0,0.0,7.729438285940201,25.630072359413845,0.0,6.361585042335629,3.697234833131936,middle
2000-02-15,U_SYN_001,W2,injection,-50.0,0.0,8.015817420910235,24.76077696713947,0.0,6.428561035243321,3.6894842282881024,middle
2000-02-15,U_SYN_001,W3,injection,0.0,50.0,8.038608398489698,24.256529181381396,0.0,6.393166624510719,3.715207703621906,middle
2000-02-15,U_SYN_001,W4,injection,0.0,-50.0,7.777838175334787,25.470301934096295,0.0,6.415569910755864,3.801628266837505,middle
2000-02-16,U_SYN_001,W0,extraction,0.0,0.0,9.881205162796437,0.0,22.864804020687604,6.4163154180456035,3.6957884700401924,middle
2000-02-16,U_SYN_001,W1,injection,50.0,0.0,7.680721311731855,24.734583727429445,0.0,6.4163154180456035,3.6957884700401924,middle
2000-02-16,U_SYN_001,W2,injection,-50.0,0.0,8.224577952294263,25.62018337025695,0.0,6.351352840192388,3.807239463321894,middle
2000-02-16,U_SYN_001,W3,injection,0.0,50.0,8.212340800636094,24.53816612643768,0.0,6.3549525952601815,3.672898041122033,middle
2000-02-16,U_SYN_001,W4,injection,0.0,-50.0,8.16373146510029,23.412003351283754,0.0,6.438861602254029,3.7559129966771962,middle
2000-02-17,U_SYN_001,W0,extraction,0.0,0.0,9.986292500563216,0.0,23.91141670028042,6.388901721537734,3.7923403535290725,middle
2000-02-17,U_SYN_001,W1,injection,50.0,0.0,8.384786727661243,23.101682028293897,0.0,6.388901721537734,3.7923403535290725,middle
2000-02-17,U_SYN_001,W2,injection,-50.0,0.0,7.956113568779153,25.51695173347543,0.0,6.307220695711699,3.979178944767865,middle
2000-02-17,U_SYN_001,W3,injection,0.0,50.0,8.58996022743237,25.57514196431707,0.0,6.4412042308488475,3.6733832807215223,middle
2000-02-17,U_SYN_001,W4,injection,0.0,-50.0,7.99713732694118,24.05259401706435,0.0,6.420705259595492,3.901329698482362,middle
2000-02-18,U_SYN_001,W0,extraction,0.0,0.0,9.490551488229912,0.0,22.770924324379116,6.371445007038541,3.8040214504490555,middle
2000-02-18,U_SYN_001,W1,injection,50.0,0.0,7.9244629956837676,23.69345014309121,0.0,6.371445007038541,3.8040214504490555,middle
2000-02-18,U_SYN_001,W2,injection,-50.0,0.0,7.461975016901008,25.16915543379376,0.0,6.347326791557671,3.8249278107713502,middle
2000-02-18,U_SYN_001,W3,injection,0.0,50.0,7.605677722104157,23.11436345436521,0.0,6.433432315852574,3.8015018904011297,middle
2000-02-18,U_SYN_001,W4,injection,0.0,-50.0,8.070075714686213,23.284218384835338,0.0,6.4139740249024175,3.827612202785692,middle
2000-02-19,U_SYN_001,W0,extraction,0.0,0.0,9.59595453984266,0.0,21.585395035788213,6.485493621922842,3.785208145910851,middle
2000-02-19,U_SYN_001,W1,injection,50.0,0.0,7.818611065851598,24.31845204806081,0.0,6.485493621922842,3.785208145910851,middle
2000-02-19,U_SYN_001,W2,injection,-50.0,0.0,8.029879905387793,23.4881065140219,0.0,6.406997074564477,3.9138269687764087,middle
2000-02-19,U_SYN_001,W3,injection,0.0,50.0,7.914158985433393,23.799693118933515,0.0,6.40569765626596,3.7609852627218343,middle
2000-02-19,U_SYN_001,W4,injection,0.0,-50.0,7.848539248799713,23.673036293489965,0.0,6.383512413411136,3.888081720034152,middle
2000-02-20,U_SYN_001,W0,extraction,0.0,0.0,9.54933180684848,0.0,23.78997184168011,6.413092105855024,3.748340514027858,middle
2000-02-20,U_SYN_001,W1,injection,50.0,0.0,8.090929267368962,23.87848106237899,0.0,6.413092105855024,3.748340514027858,middle
2000-02-20,U_SYN_001,W2,injection,-50.0,0.0,7.785253408783357,24.734406912390817,0.0,6.405424479216919,3.7950697359327967,middle
2000-02-20,U_SYN_001,W3,injection,0.0,50.0,7.490354900611293,23.680889348861243,0.0,6.4304900715096,3.7141328794616824,middle
2000-02-20,U_SYN_001,W4,injection,0.0,-50.0,7.677043958443546,24.12357245796133,0.0,6.359568154421501,3.8362917812727013,middle
2000-02-21,U_SYN_001,W0,extraction,0.0,0.0,9.482392538534477,0.0,21.255740077561335,6.353320152779823,3.914767674804734,middle
2000-02-21,U_SYN_001,W1,injection,50.0,0.0,7.880094208309128,21.774591353126798,0.0,6.353320152779823,3.914767674804734,middle
2000-02-21,U_SYN_001,W2,injection,-50.0,0.0,7.850569333580156,23.375754312407523,0.0,6.3515723248611025,3.792969103864943,middle
2000-02-21,U_SYN_001,W3,injection,0.0,50.0,7.478372652408642,22.74014481771732,0.0,6.402368520544741,3.7834067423542987,middle
2000-02-21,U_SYN_001,W4,injection,0.0,-50.0,7.6381918795706785,22.439678585612715,0.0,6.4306714293094505,3.7099882412051772,middle
2000-02-22,U_SYN_001,W0,extraction,0.0,0.0,9.65446104081315,0.0,21.60929991450473,6.34282352350865,3.77697411286142,middle
2000-02-22,U_SYN_001,W1,injection,50.0,0.0,7.804333931417135,22.521020971149436,0.0,6.34282352350865,3.77697411286142,middle
2000-02-22,U_SYN_001,W2,injection,-50.0,0.0,7.846089814307231,22.956244112131788,0.0,6.344186194122899,3.6678939843678826,middle
2000-02-22,U_SYN_001,W3,injection,0.0,50.0,7.650983970733201,23.95626489857725,0.0,6.373740232189414,3.7222872862080982,middle
2000-02-22,U_SYN_001,W4,injection,0.0,-50.0,7.79532636581654,22.162428690500786,0.0,6.351346683234106,3.8134604088343353,middle
2000-02-23,U_SYN_001,W0,extraction,0.0,0.0,9.235659371886427,0.0,21.40796463574318,6.389866226330121,3.8939506432056503,middle
2000-02-23,U_SYN_001,W1,injection,50.0,0.0,7.438656719814032,23.06018679816605,0.0,6.389866226330121,3.8939506432056503,middle
2000-02-23,U_SYN_001,W2,injection,-50.0,0.0,7.715753052571715,22.648346057423655,0.0,6.261712988579764,4.013166456284699,middle
2000-02-23,U_SYN_001,W3,injection,0.0,50.0,7.722696061323672,22.77354312860095,0.0,6.3187158783278505,3.7415027805806664,middle
2000-02-23,U_SYN_001,W4,injection,0.0,-50.0,7.546307570471529,23.8378878643342,0.0,6.320487426846068,3.903253599917974,middle
2000-02-24,U_SYN_001,W0,extraction,0.0,0.0,9.713683881418467,0.0,21.676685949784257,6.249783244649791,3.798101467369947,middle
2000-02-24,U_SYN_001,W1,injection,50.0,0.0,7.88905776984266,23.28244205250787,0.0,6.249783244649791,3.798101467369947,middle
2000-02-24,U_SYN_001,W2,injection,-50.0,0.0,7.992404393452601,23.921868188858923,0.0,6.304051947370485,3.766501457198105,middle
2000-02-24,U_SYN_001,W3,injection,0.0,50.0,7.806581733577967,22.72834515950481,0.0,6.3059912405114,3.8132088250759075,middle
2000-02-24,U_SYN_001,W4,injection,0.0,-50.0,7.742421496538273,22.29519561356817,0.0,6.334553298964483,3.783554587632212,middle
2000-02-25,U_SYN_001,W0,extraction,0.0,0.0,9.736924091563028,0.0,21.895009946693044,6.37817533213356,3.774817595471236,middle
2000-02-25,U_SYN_001,W1,injection,50.0,0.0,7.801180504269936,22.494046875838595,0.0,6.37817533213356,3.774817595471236,middle
2000-02-25,U_SYN_001,W2,injection,-50.0,0.0,7.860655203283381,22.867131362359974,0.0,6.323854270419522,3.733319284396125,middle
2000-02-25,U_SYN_001,W3,injection,0.0,50.0,7.757704633659688,22.814392616105962,0.0,6.292424147656304,3.6541371646383505,middle
2000-02-25,U_SYN_001,W4,injection,0.0,-50.0,8.01583698757983,21.805623471556302,0.0,6.331378514818609,3.642495921220492,middle
2000-02-26,U_SYN_001,W0,extraction,0.0,0.0,9.55442463852133,0.0,22.37243201937633,6.366966944857654,3.803040041531159,middle
2000-02-26,U_SYN_001,W1,injection,50.0,0.0,7.9740684718417745,22.5723918253023,0.0,6.366966944857654,3.803040041531159,middle
2000-02-26,U_SYN_001,W2,injection,-50.0,0.0,7.531351981409449,22.682582664111123,0.0,6.285961647355404,3.728644443661804,middle
2000-02-26,U_SYN_001,W3,injection,0.0,50.0,7.839430011139024,24.513979230027136,0.0,6.288577004643142,3.7030933388961675,middle
2000-02-26,U_SYN_001,W4,injection,0.0,-50.0,7.792601003963781,24.001475689025337,0.0,6.347341958370969,3.751460901006513,middle
2000-02-27,U_SYN_001,W0,extraction,0.0,0.0,9.102461806228108,0.0,21.05662419074285,6.307803020417828,3.7968166660423353,middle
2000-02-27,U_SYN_001,W1,injection,50.0,0.0,7.526190076438926,21.650694620494136,0.0,6.307803020417828,3.7968166660423353,middle
2000-02-27,U_SYN_001,W2,injection,-50.0,0.0,7.461663188257397,22.103382611701853,0.0,6.342563852675439,3.747651201251197,middle
2000-02-27,U_SYN_001,W3,injection,0.0,50.0,7.199392042564281,21.16253569947159,0.0,6.316118593375248,3.680737690877808,middle
2000-02-27,U_SYN_001,W4,injection,0.0,-50.0,7.23420167355828,21.860723689770403,0.0,6.3447310109706425,3.831325522261001,middle
2000-02-28,U_SYN_001,W0,extraction,0.0,0.0,9.370363593950595,0.0,21.56665222476517,6.267282661087067,3.8399196748962696,middle
2000-02-28,U_SYN_001,W1,injection,50.0,0.0,7.689212339068793,22.42619971584611,0.0,6.267282661087067,3.8399196748962696,middle
2000-02-28,U_SYN_001,W2,injection,-50.0,0.0,7.876499172570174,23.138398609684426,0.0,6.308202399617162,3.753149367083567,middle
2000-02-28,U_SYN_001,W3,injection,0.0,50.0,7.268743332403357,21.590448642778952,0.0,6.300258185074166,3.7914779155652663,middle
2000-02-28,U_SYN_001,W4,injection,0.0,-50.0,7.748489822176163,21.6503985609196,0.0,6.2600501486845275,3.812941634402844,middle
2000-02-29,U_SYN_001,W0,extraction,0.0,0.0,9.75911143230053,0.0,21.316399923795753,6.238559009820243,3.7825830754633514,middle
2000-02-29,U_SYN_001,W1,injection,50.0,0.0,8.234664448724812,20.30413133090887,0.0,6.238559009820243,3.7825830754633514,middle
2000-02-29,U_SYN_001,W2,injection,-50.0,0.0,7.972603442927997,21.89182981826387,0.0,6.328528089145976,3.7413030643200003,middle
2000-02-29,U_SYN_001,W3,injection,0.0,50.0,8.109861123867473,21.172031025212142,0.0,6.287060032446271,3.7400428939169807,middle
2000-02-29,U_SYN_001,W4,injection,0.0,-50.0,7.865244784384699,21.598411012806935,0.0,6.260206916469097,3.7337479760187104,middle
2000-03-01,U_SYN_001,W0,extraction,0.0,0.0,8.996273114188181,0.0,19.957969946497464,6.290086825345085,3.581540049603242,middle
2000-03-01,U_SYN_001,W1,injection,50.0,0.0,7.35546693504836,21.177191033906286,0.0,6.290086825345085,3.581540049603242,middle
2000-03-01,U_SYN_001,W2,injection,-50.0,0.0,7.085300339530712,21.803269613038314,0.0,6.33905473711599,3.725384916115772,middle
2000-03-01,U_SYN_001,W3,injection,0.0,50.0,6.955136900115194,20.472496943355054,0.0,6.202704469007141,3.5608619458768813,middle
2000-03-01,U_SYN_001,W4,injection,0.0,-50.0,7.5465715262450885,20.705043460127566,0.0,6.234068435225885,3.605759107157001,middle
2000-03-02,U_SYN_001,W0,extraction,0.0,0.0,9.437452703632191,0.0,20.144635758947754,6.250308571202343,3.749682376767741,middle
2000-03-02,U_SYN_001,W1,injection,50.0,0.0,7.552794356104056,23.447878267185704,0.0,6.250308571202343,3.749682376767741,middle
2000-03-02,U_SYN_001,W2,injection,-50.0,0.0,7.652730767130249,20.714542512543844,0.0,6.345671183546966,3.71261478435863,middle
2000-03-02,U_SYN_001,W3,injection,0.0,50.0,7.477021553147303,20.867052114799357,0.0,6.298527508194925,3.764389034517963,middle
2000-03-02,U_SYN_001,W4,injection,0.0,-50.0,7.472580769250229,23.21401140022012,0.0,6.317916718496602,3.6236632206481105,middle
2000-03-03,U_SYN_001,W0,extraction,0.0,0.0,9.339408194820804,0.0,21.829905041398597,6.235390562191266,3.5285789641417096,middle
2000-03-03,U_SYN_001,W1,injection,50.0,0.0,7.62584389493641,23.94399371451862,0.0,6.235390562191266,3.5285789641417096,middle
2000-03-03,U_SYN_001,W2,injection,-50.0,0.0,7.522038335239762,20.68268667606602,0.0,6.236215563945494,3.6015238956782234,middle
2000-03-03,U_SYN_001,W3,injection,0.0,50.0,7.728915228474584,21.32534081369587,0.0,6.2989095476252235,3.6289213752230967,middle
2000-03-03,U_SYN_001,W4,injection,0.0,-50.0,7.742843540126843,21.8931844198787,0.0,6.2833279721937325,3.6270779687510517,middle
2000-03-04,U_SYN_001,W0,extraction,0.0,0.0,9.666298226775448,0.0,20.657914652951213,6.297229110909184,3.6864910745992465,middle
2000-03-04,U_SYN_001,W1,injection,50.0,0.0,7.988393113302448,22.88854927861684,0.0,6.297229110909184,3.6864910745992465,middle
2000-03-04,U_SYN_001,W2,injection,-50.0,0.0,7.972492274001043,20.716105500349776,0.0,6.267772718517481,3.566895002298435,middle
2000-03-04,U_SYN_001,W3,injection,0.0,50.0,8.231388105987781,21.309368886338678,0.0,6.286405307212804,3.6239593940429446,middle
2000-03-04,U_SYN_001,W4,injection,0.0,-50.0,7.719970950823165,22.12746122394176,0.0,6.281604321550823,3.516706464343942,middle
2000-03-05,U_SYN_001,W0,extraction,0.0,0.0,9.414850917217796,0.0,21.047640664532274,6.3012068849957314,3.606925375481782,middle
2000-03-05,U_SYN_001,W1,injection,50.0,0.0,7.709833680609437,21.74973664821998,0.0,6.3012068849957314,3.606925375481782,middle
2000-03-05,U_SYN_001,W2,injection,-50.0,0.0,7.933459868031435,21.100998931662605,0.0,6.302376520710113,3.5711486772531282,middle
2000-03-05,U_SYN_001,W3,injection,0.0,50.0,7.958286827794685,21.29486541703385,0.0,6.205301309656663,3.510914926175516,middle
2000-03-05,U_SYN_001,W4,injection,0.0,-50.0,7.45246389615662,20.3020071419507,0.0,6.1802054472187,3.552033644264289,middle
2000-03-06,U_SYN_001,W0,extraction,0.0,0.0,9.602938331829797,0.0,20.56644851948372,6.305538904676157,3.531723386329394,middle
2000-03-06,U_SYN_001,W1,injection,50.0,0.0,7.814418831223778,21.118842780222202,0.0,6.305538904676157,3.531723386329394,middle
2000-03-06,U_SYN_001,W2,injection,-50.0,0.0,8.13524849471584,21.09627178339477,0.0,6.3129780925005745,3.524845035703644,middle
2000-03-06,U_SYN_001,W3,injection,0.0,50.0,7.971990478398792,21.49511768710294,0.0,6.224644167989564,3.6881647454320263,middle
2000-03-06,U_SYN_001,W4,injection,0.0,-50.0,7.911911409096162,20.86512000034672,0.0,6.191075672508273,3.5385817658659815,middle
2000-03-07,U_SYN_001,W0,extraction,0.0,0.0,9.65331105377132,0.0,20.669787169900214,6.265379462963595,3.503338723695369,middle
2000-03-07,U_SYN_001,W1,injection,50.0,0.0,7.87368750294509,21.60559222050225,0.0,6.265379462963595,3.503338723695369,middle
2000-03-07,U_SYN_001,W2,injection,-50.0,0.0,7.841616069720837,22.038534056722,0.0,6.298651599177329,3.3550543359007445,middle
2000-03-07,U_SYN_001,W3,injection,0.0,50.0,7.97136042944523,21.352704864600913,0.0,6.3333218510206795,3.451313824351198,middle
2000-03-07,U_SYN_001,W4,injection,0.0,-50.0,7.86699014548451,21.5097665291855,0.0,6.282069973007365,3.501804538553048,middle
2000-03-08,U_SYN_001,W0,extraction,0.0,0.0,9.880101759322699,0.0,20.48943413889605,6.243091812712307,3.4455790583838093,middle
2000-03-08,U_SYN_001,W1,injection,50.0,0.0,8.093269820470798,21.20173388957698,0.0,6.243091812712307,3.4455790583838093,middle
2000-03-08,U_SYN_001,W2,injection,-50.0,0.0,8.117214706935965,21.159277125987813,0.0,6.22223525571234,3.610983879948164,middle
2000-03-08,U_SYN_001,W3,injection,0.0,50.0,7.967695128612307,20.581963184680404,0.0,6.258418532242561,3.487252250446243,middle
2000-03-08,U_SYN_001,W4,injection,0.0,-50.0,8.20683328990608,21.41240502085333,0.0,6.245989892420324,3.603522812423401,middle
2000-03-09,U_SYN_001,W0,extraction,0.0,0.0,9.591568914216117,0.0,22.383218380161267,6.214508409827488,3.484533990187065,late
2000-03-09,U_SYN_001,W1,injection,50.0,0.0,8.424130077220456,21.024393242402002,0.0,6.214508409827488,3.484533990187065,late
2000-03-09,U_SYN_001,W2,injection,-50.0,0.0,7.524204713442468,22.77675716827727,0.0,6.337061352091172,3.4825758463767618,late
2000-03-09,U_SYN_001,W3,injection,0.0,50.0,7.927242278753962,22.360906443112988,0.0,6.326517862139525,3.4724939036460354,late
2000-03-09,U_SYN_001,W4,injection,0.0,-50.0,7.71925819719937,21.410899763177994,0.0,6.3005530733988575,3.479901319592752,late
2000-03-10,U_SYN_001,W0,extraction,0.0,0.0,9.688321077652386,0.0,21.58828207411543,6.21604819202715,3.59813040557078,late
2000-03-10,U_SYN_001,W1,injection,50.0,0.0,8.056304514916366,20.447198391034497,0.0,6.21604819202715,3.59813040557078,late
2000-03-10,U_SYN_001,W2,injection,-50.0,0.0,7.953444558678248,20.167714981203577,0.0,6.287082980911407,3.2750579471866934,late
2000-03-10,U_SYN_001,W3,injection,0.0,50.0,8.09204515698427,22.0105585212614,0.0,6.278467264319432,3.300503145771697,late
2000-03-10,U_SYN_001,W4,injection,0.0,-50.0,8.172196986517136,21.26784353890802,0.0,6.270584032907678,3.417173138842302,late
2000-03-11,U_SYN_001,W0,extraction,0.0,0.0,9.33116999704981,0.0,20.255749511184842,6.30126988147568,3.444993093833856,late
2000-03-11,U_SYN_001,W1,injection,50.0,0.0,7.68746968079919,21.40978013859186,0.0,6.30126988147568,3.444993093833856,late
2000-03-11,U_SYN_001,W2,injection,-50.0,0.0,7.862826844555683,19.629996626299217,0.0,6.2766981165083795,3.499039217259971,late
2000-03-11,U_SYN_001,W3,injection,0.0,50.0,7.214058554167485,21.767616201125115,0.0,6.280883840246102,3.4816778391210486,late
2000-03-11,U_SYN_001,W4,injection,0.0,-50.0,7.948375012861903,21.38920168645006,0.0,6.276759522128817,3.4130911902484047,late
2000-03-12,U_SYN_001,W0,extraction,0.0,0.0,9.819586425981731,0.0,20.03527159047766,6.263952817834294,3.510995383836664,late
2000-03-12,U_SYN_001,W1,injection,50.0,0.0,8.12571997361745,20.11807868275261,0.0,6.263952817834294,3.510995383836664,late
2000-03-12,U_SYN_001,W2,injection,-50.0,0.0,8.263740389013218,20.62920338432423,0.0,6.178976716325642,3.5118875206295415,late
2000-03-12,U_SYN_001,W3,injection,0.0,50.0,7.812487363196416,21.21739699376941,0.0,6.253666004610632,3.4441965148790485,late
2000-03-12,U_SYN_001,W4,injection,0.0,-50.0,7.888904536254494,21.048396668969186,0.0,6.2280734831602445,3.5064844941762705,late
2000-03-13,U_SYN_001,W0,extraction,0.0,0.0,9.521693981152296,0.0,20.818313840791475,6.198806361694399,3.4395855686976353,late
2000-03-13,U_SYN_001,W1,injection,50.0,0.0,7.8355806600844415,20.766263051357157,0.0,6.198806361694399,3.4395855686976353,late
2000-03-13,U_SYN_001,W2,injection,-50.0,0.0,7.804544473177762,20.91720938554723,0.0,6.317272664772033,3.372855305480434,late
2000-03-13,U_SYN_001,W3,injection,0.0,50.0,7.861694913959042,20.798418097434492,0.0,6.319159813635428,3.473599294743065,late
2000-03-13,U_SYN_001,W4,injection,0.0,-50.0,8.014317494150788,21.122050009681974,0.0,6.304368824011824,3.426622997429359,late
2000-03-14,U_SYN_001,W0,extraction,0.0,0.0,9.538121927391952,0.0,19.352346750409204,6.260529698188445,3.4090267712094264,late
2000-03-14,U_SYN_001,W1,injection,50.0,0.0,7.484522248540043,22.183616808678714,0.0,6.260529698188445,3.4090267712094264,late
2000-03-14,U_SYN_001,W2,injection,-50.0,0.0,8.007028081286586,18.953096477539148,0.0,6.304346166352316,3.526755869244233,late
2000-03-14,U_SYN_001,W3,injection,0.0,50.0,7.822839857800807,20.81694301867644,0.0,6.2508032887382825,3.2128498131858603,late
2000-03-14,U_SYN_001,W4,injection,0.0,-50.0,7.782386055701465,21.147633167382146,0.0,6.258433052590121,3.2955048498563015,late
2000-03-15,U_SYN_001,W0,extraction,0.0,0.0,9.68052385575225,0.0,20.12889585711966,6.207544415975449,3.3080813311965858,late
2000-03-15,U_SYN_001,W1,injection,50.0,0.0,7.653206239296375,21.262460607628245,0.0,6.207544415975449,3.3080813311965858,late
2000-03-15,U_SYN_001,W2,injection,-50.0,0.0,8.035425054413377,20.728133750821534,0.0,6.267162922973882,3.3739861135010307,late
2000-03-15,U_SYN_001,W3,injection,0.0,50.0,7.470632988871549,19.6202879898957,0.0,6.253698707930905,3.382678311725253,late
2000-03-15,U_SYN_001,W4,injection,0.0,-50.0,8.06356543559131,21.288061802849853,0.0,6.19917718612055,3.2824609134846914,late
2000-03-16,U_SYN_001,W0,extraction,0.0,0.0,9.435834517596955,0.0,20.33716238603708,6.250834323466852,3.321435090792881,late
2000-03-16,U_SYN_001,W1,injection,50.0,0.0,7.455799029504226,22.439524330121657,0.0,6.250834323466852,3.321435090792881,late
2000-03-16,U_SYN_001,W2,injection,-50.0,0.0,7.747472704771796,19.8305550348574,0.0,6.249693025385244,3.3313803990958615,late
2000-03-16,U_SYN_001,W3,injection,0.0,50.0,7.714895155855889,21.74870656974886,0.0,6.324784654605302,3.5968416607438187,late
2000-03-16,U_SYN_001,W4,injection,0.0,-50.0,7.9580956728271435,20.794823980291994,0.0,6.288650741080052,3.544387089197519,late
2000-03-17,U_SYN_001,W0,extraction,0.0,0.0,9.791794076696927,0.0,20.449331556943346,6.255568943620299,3.3676256153459527,late
2000-03-17,U_SYN_001,W1,injection,50.0,0.0,7.99428405037705,21.053163044469716,0.0,6.255568943620299,3.3676256153459527,late
2000-03-17,U_SYN_001,W2,injection,-50.0,0.0,7.89333390586282,20.259903712569635,0.0,6.265062618448684,3.3714789055361805,late
2000-03-17,U_SYN_001,W3,injection,0.0,50.0,7.93006015733849,20.834657583248095,0.0,6.256879621180808,3.3086292489856612,late
2000-03-17,U_SYN_001,W4,injection,0.0,-50.0,8.27854726199991,22.142258196891962,0.0,6.246994566664818,3.247915135702703,late
2000-03-18,U_SYN_001,W0,extraction,0.0,0.0,9.950149651115304,0.0,20.484324422628056,6.214663392680203,3.394645096827936,late
2000-03-18,U_SYN_001,W1,injection,50.0,0.0,8.265847415930338,21.625333805104848,0.0,6.214663392680203,3.394645096827936,late
2000-03-18,U_SYN_001,W2,injection,-50.0,0.0,8.082381193392303,22.545058895842637,0.0,6.251918405471457,3.324167353081096,late
2000-03-18,U_SYN_001,W3,injection,0.0,50.0,8.112069168652202,22.10113912269684,0.0,6.228116550309634,3.397207469207657,late
2000-03-18,U_SYN_001,W4,injection,0.0,-50.0,7.847249782292055,21.510478954658343,0.0,6.207947859018809,3.2759790438171397,late
2000-03-19,U_SYN_001,W0,extraction,0.0,0.0,9.836951769837064,0.0,19.78768392341955,6.281866942705208,3.3495260825395805,late
2000-03-19,U_SYN_001,W1,injection,50.0,0.0,8.142728490818444,22.623509023400374,0.0,6.281866942705208,3.3495260825395805,late
2000-03-19,U_SYN_001,W2,injection,-50.0,0.0,7.720076006458353,21.579555929456777,0.0,6.277068656520637,3.422374206828628,late
2000-03-19,U_SYN_001,W3,injection,0.0,50.0,8.21420816276954,21.890751943903787,0.0,6.189949769668584,3.4397808070271165,late
2000-03-19,U_SYN_001,W4,injection,0.0,-50.0,8.091605339304317,20.991104639638372,0.0,6.256510684623502,3.4438817959037626,late
2000-03-20,U_SYN_001,W0,extraction,0.0,0.0,9.504689984026747,0.0,18.848555341567423,6.3052971442060946,3.3142907811185833,late
2000-03-20,U_SYN_001,W1,injection,50.0,0.0,8.24759052413723,21.3626184280893,0.0,6.3052971442060946,3.3142907811185833,late
2000-03-20,U_SYN_001,W2,injection,-50.0,0.0,7.584716839330829,20.751442716761712,0.0,6.307838038325951,3.4883047582619913,late
2000-03-20,U_SYN_001,W3,injection,0.0,50.0,7.774330359932869,22.10104892307782,0.0,6.306502562485507,3.3559129641229983,late
2000-03-20,U_SYN_001,W4,injection,0.0,-50.0,8.13568912888917,20.36673887691004,0.0,6.267025617046156,3.4705585330197306,late
2000-03-21,U_SYN_001,W0,extraction,0.0,0.0,9.836880415519873,0.0,20.246330508493422,6.236294376313569,3.4313346000552545,late
2000-03-21,U_SYN_001,W1,injection,50.0,0.0,8.300633089123012,22.027804062580813,0.0,6.236294376313569,3.4313346000552545,late
2000-03-21,U_SYN_001,W2,injection,-50.0,0.0,7.929270846821591,21.249402942642558,0.0,6.226748236338012,3.322074694258474,late
2000-03-21,U_SYN_001,W3,injection,0.0,50.0,8.110304756923918,22.33892146342054,0.0,6.283880385622349,3.4068898778182146,late
2000-03-21,U_SYN_001,W4,injection,0.0,-50.0,8.06663528932556,22.00261897963169,0.0,6.285267390806941,3.461414793549811,late
2000-03-22,U_SYN_001,W0,extraction,0.0,0.0,10.02962029990386,0.0,20.49948088179606,6.326772802618821,3.496097405071541,late
2000-03-22,U_SYN_001,W1,injection,50.0,0.0,8.280846851747032,22.962108089209803,0.0,6.326772802618821,3.496097405071541,late
2000-03-22,U_SYN_001,W2,injection,-50.0,0.0,8.084138656243182,22.09021091600328,0.0,6.319278744168302,3.4357811428380196,late
2000-03-22,U_SYN_001,W3,injection,0.0,50.0,8.206371651438708,20.247958958569768,0.0,6.269990411893372,3.5696024858816573,late
2000-03-22,U_SYN_001,W4,injection,0.0,-50.0,7.9037314750534655,21.452028624773803,0.0,6.225511323000184,3.5276610363124976,late
2000-03-23,U_SYN_001,W0,extraction,0.0,0.0,9.589816798483954,0.0,20.637935509476065,6.2682327350758795,3.4437889005932507,late
2000-03-23,U_SYN_001,W1,injection,50.0,0.0,7.889565957728714,20.68233422505044,0.0,6.2682327350758795,3.4437889005932507,late
2000-03-23,U_SYN_001,W2,injection,-50.0,0.0,7.949962091029756,21.205316105233273,0.0,6.289686246748736,3.5243309748761864,late
2000-03-23,U_SYN_001,W3,injection,0.0,50.0,7.820031564683368,22.82892272574767,0.0,6.272913669140739,3.6190247087202856,late
2000-03-23,U_SYN_001,W4,injection,0.0,-50.0,7.553888931538113,22.12996702784445,0.0,6.257881234633209,3.621159997967873,late
2000-03-24,U_SYN_001,W0,extraction,0.0,0.0,9.801253241891612,0.0,21.6746494046686,6.297339421476949,3.3854595165394783,late
2000-03-24,U_SYN_001,W1,injection,50.0,0.0,8.230804680860842,21.18533623470007,0.0,6.297339421476949,3.3854595165394783,late
2000-03-24,U_SYN_001,W2,injection,-50.0,0.0,8.108483702558674,20.933506684410748,0.0,6.267065719221729,3.409576858112706,late
2000-03-24,U_SYN_001,W3,injection,0.0,50.0,7.8947105017510415,21.770706251864077,0.0,6.262101385529139,3.6024930099439865,late
2000-03-24,U_SYN_001,W4,injection,0.0,-50.0,7.982022937566165,20.771232458058165,0.0,6.299682142250291,3.399037022938267,late
2000-03-25,U_SYN_001,W0,extraction,0.0,0.0,10.19331218616504,0.0,22.047476827995126,6.27785427961685,3.3990893237374675,late
2000-03-25,U_SYN_001,W1,injection,50.0,0.0,8.052580158439708,21.341767434523092,0.0,6.27785427961685,3.3990893237374675,late
2000-03-25,U_SYN_001,W2,injection,-50.0,0.0,8.14946948162942,22.128287233681352,0.0,6.303698158381152,3.465997083944878,late
2000-03-25,U_SYN_001,W3,injection,0.0,50.0,8.24887441364173,22.802929285325714,0.0,6.304862143736103,3.5385107511587686,late
2000-03-25,U_SYN_001,W4,injection,0.0,-50.0,8.608949529366413,22.36568883421991,0.0,6.248356822778355,3.496700877871914,late
2000-03-26,U_SYN_001,W0,extraction,0.0,0.0,10.05780332164297,0.0,20.17942847824785,6.281848482780374,3.4755247511066645,late
2000-03-26,U_SYN_001,W1,injection,50.0,0.0,8.118758737165836,20.188930947821312,0.0,6.281848482780374,3.4755247511066645,late
2000-03-26,U_SYN_001,W2,injection,-50.0,0.0,8.376181585134395,22.265455937924003,0.0,6.358609205331649,3.473632843801151,late
2000-03-26,U_SYN_001,W3,injection,0.0,50.0,8.139113153882526,22.079589413285856,0.0,6.254614947225619,3.470582875586095,late
2000-03-26,U_SYN_001,W4,injection,0.0,-50.0,8.29727487976982,22.353074782997947,0.0,6.216431949776169,3.4572090704463965,late
2000-03-27,U_SYN_001,W0,extraction,0.0,0.0,10.14622559498922,0.0,21.444295667240702,6.234211979518992,3.733907945669879,late
2000-03-27,U_SYN_001,W1,injection,50.0,0.0,8.291212374633803,23.466683458294803,0.0,6.234211979518992,3.733907945669879,late
2000-03-27,U_SYN_001,W2,injection,-50.0,0.0,8.497069572325865,20.523125091530044,0.0,6.3098501835117595,3.5751782011826383,late
2000-03-27,U_SYN_001,W3,injection,0.0,50.0,8.211378658124689,21.700832972820955,0.0,6.309922476770001,3.6223180398401733,late
2000-03-27,U_SYN_001,W4,injection,0.0,-50.0,8.000800460310792,22.64644077120852,0.0,6.303981351431688,3.51225111803828,late
2000-03-28,U_SYN_001,W0,extraction,0.0,0.0,10.441721319306778,0.0,21.367987650909892,6.3652320582041995,3.5610669967911277,late
2000-03-28,U_SYN_001,W1,injection,50.0,0.0,8.273612948571857,21.06801378137804,0.0,6.3652320582041995,3.5610669967911277,late
2000-03-28,U_SYN_001,W2,injection,-50.0,0.0,8.451137150476326,23.514048539384,0.0,6.2097510877229425,3.518859212456383,late
2000-03-28,U_SYN_001,W3,injection,0.0,50.0,8.301364759333124,22.62797459110172,0.0,6.332501820024293,3.3638068641724757,late
2000-03-28,U_SYN_001,W4,injection,0.0,-50.0,8.647877872822697,23.010556489615915,0.0,6.3791219931192025,3.4657027888181826,late
2000-03-29,U_SYN_001,W0,extraction,0.0,0.0,10.224349980437124,0.0,21.697425877449493,6.279888769404332,3.4560356451991785,late
2000-03-29,U_SYN_001,W1,injection,50.0,0.0,8.288723449413343,22.043245070782564,0.0,6.279888769404332,3.4560356451991785,late
2000-03-29,U_SYN_001,W2,injection,-50.0,0.0,8.869543152624614,23.151010951972967,0.0,6.309807739528404,3.4209024373614816,late
2000-03-29,U_SYN_001,W3,injection,0.0,50.0,8.028626940222528,23.35477724479123,0.0,6.294884323310855,3.505256421653762,late
2000-03-29,U_SYN_001,W4,injection,0.0,-50.0,8.4256073216936,22.686302416109736,0.0,6.289226158156899,3.7068815939481405,late
2000-03-30,U_SYN_001,W0,extraction,0.0,0.0,10.288626393901062,0.0,21.798759602664173,6.320606216266229,3.6222580425054827,late
2000-03-30,U_SYN_001,W1,injection,50.0,0.0,8.204571898024453,22.860654643501952,0.0,6.320606216266229,3.6222580425054827,late
2000-03-30,U_SYN_001,W2,injection,-50.0,0.0,8.335145201929922,22.889408520768377,0.0,6.39075610781453,3.729058036907525,late
2000-03-30,U_SYN_001,W3,injection,0.0,50.0,8.465773885519333,21.98245771755149,0.0,6.407152163486651,3.658691542073901,late
2000-03-30,U_SYN_001,W4,injection,0.0,-50.0,7.958176096935799,22.555110985150712,0.0,6.320219127465545,3.6884176419790435,late
2000-03-31,U_SYN_001,W0,extraction,0.0,0.0,10.704715234302611,0.0,22.40434612006326,6.418799893707816,3.578266170389985,late
2000-03-31,U_SYN_001,W1,injection,50.0,0.0,8.82856961493337,22.729931676942847,0.0,6.418799893707816,3.578266170389985,late
2000-03-31,U_SYN_001,W2,injection,-50.0,0.0,9.18526814214563,23.15866479438753,0.0,6.344020544224622,3.6922540063497644,late
2000-03-31,U_SYN_001,W3,injection,0.0,50.0,8.68078793492089,23.65180910043297,0.0,6.412745126213281,3.7086350687402985,late
2000-03-31,U_SYN_001,W4,injection,0.0,-50.0,8.83348987458289,22.005120837322007,0.0,6.338865539159098,3.604206146635655,late
2000-04-01,U_SYN_001,W0,extraction,0.0,0.0,10.186366272690293,0.0,21.83657018928549,6.357026393246372,3.7188406471942472,late
2000-04-01,U_SYN_001,W1,injection,50.0,0.0,8.561624898946063,22.93567437983485,0.0,6.357026393246372,3.7188406471942472,late
2000-04-01,U_SYN_001,W2,injection,-50.0,0.0,8.319418535546749,24.22084604221769,0.0,6.366403059110239,3.7193724382309403,late
2000-04-01,U_SYN_001,W3,injection,0.0,50.0,8.234462878201382,22.44081102104046,0.0,6.478938227379228,3.630113207854547,late
2000-04-01,U_SYN_001,W4,injection,0.0,-50.0,7.889190652637945,22.377881590258255,0.0,6.385835503198318,3.5842559429632743,late
2000-04-02,U_SYN_001,W0,extraction,0.0,0.0,10.149193263677878,0.0,23.497616204455106,6.332886562036563,3.60193068519874,late
2000-04-02,U_SYN_001,W1,injection,50.0,0.0,8.452449250043129,23.38538781815739,0.0,6.332886562036563,3.60193068519874,late
2000-04-02,U_SYN_001,W2,injection,-50.0,0.0,8.299367114982227,23.899051017080694,0.0,6.399937058045657,3.7035813951043184,late
2000-04-02,U_SYN_001,W3,injection,0.0,50.0,8.116779993760977,23.232683709140964,0.0,6.346703841751248,3.7228217412537465,late
2000-04-02,U_SYN_001,W4,injection,0.0,-50.0,8.348035565798943,24.28671133704203,0.0,6.341587135918574,3.6332588853139685,late
2000-04-03,U_SYN_001,W0,extraction,0.0,0.0,10.360814600060245,0.0,22.558216775310203,6.407080506093265,3.7198629514393606,late
2000-04-03,U_SYN_001,W1,injection,50.0,0.0,8.374919892798083,24.100164220004835,0.0,6.407080506093265,3.7198629514393606,late
2000-04-03,U_SYN_001,W2,injection,-50.0,0.0,8.386369468563098,24.08818508746366,0.0,6.371979875208427,3.7633790870243518,late
2000-04-03,U_SYN_001,W3,injection,0.0,50.0,8.62150137729137,23.858022235010885,0.0,6.381879488278053,3.767191381306497,late
2000-04-03,U_SYN_001,W4,injection,0.0,-50.0,8.218533331495241,25.27685151422848,0.0,6.371295860572192,3.841886533743072,late
2000-04-04,U_SYN_001,W0,extraction,0.0,0.0,10.378451026573662,0.0,22.464593132388366,6.3938843962312095,3.839132530252554,late
2000-04-04,U_SYN_001,W1,injection,50.0,0.0,8.727720049908372,23.44429207224701,0.0,6.3938843962312095,3.839132530252554,late
2000-04-04,U_SYN_001,W2,injection,-50.0,0.0,8.220213493901522,22.005603589686633,0.0,6.397419707064438,3.656870749056187,late
2000-04-04,U_SYN_001,W3,injection,0.0,50.0,8.372773559553272,24.89182491255356,0.0,6.302942393858776,3.8716609604397525,late
2000-04-04,U_SYN_001,W4,injection,0.0,-50.0,8.909473899827526,23.242261878574386,0.0,6.407083977911374,3.6944959433122535,late
2000-04-05,U_SYN_001,W0,extraction,0.0,0.0,10.279923617513765,0.0,24.394207276249663,6.350908753822267,3.8376643937649892,late
2000-04-05,U_SYN_001,W1,injection,50.0,0.0,8.661319783151777,23.890094967783998,0.0,6.350908753822267,3.8376643937649892,late
2000-04-05,U_SYN_001,W2,injection,-50.0,0.0,8.449604598113636,24.851431160197993,0.0,6.332497565193102,3.759513498852722,late
2000-04-05,U_SYN_001,W3,injection,0.0,50.0,8.236165790854962,22.521982979462432,0.0,6.387853080861132,3.7211026184920777,late
2000-04-05,U_SYN_001,W4,injection,0.0,-50.0,8.320719788646482,22.802472841024663,0.0,6.393548770748057,3.6094588199866404,late
